country,year,solar_yoy_growth_pct,wind_yoy_growth_pct,renewables_yoy_growth_pct
Algeria,2000,,,
Algeria,2001,,,40
Algeria,2002,,,-14.3
Algeria,2003,,,333.3
Algeria,2004,,,-3.8
Algeria,2005,,,120
Algeria,2006,,,-60
Algeria,2007,,,0
Algeria,2008,,,27.3
Algeria,2009,,,7.1
Algeria,2010,,,-43.3
Algeria,2011,,,194.1
Algeria,2012,,,24
Algeria,2013,,,-46.8
Algeria,2014,,,-24.2
Algeria,2015,,,-12
Algeria,2016,50,50,54.5
Algeria,2017,533.3,-66.7,88.2
Algeria,2018,21.1,0,28.1
Algeria,2019,2.9,0,6.1
Algeria,2020,15.5,0,1.1
Algeria,2021,-3.7,0,-8
Algeria,2022,5.1,0,6.2
Algeria,2023,4.8,100,5.8
Algeria,2024,13.8,0,13.2
Argentina,2000,,,
Argentina,2001,,66.7,27.6
Argentina,2002,,40,-1.6
Argentina,2003,,14.3,-4.5
Argentina,2004,,-12.5,-9.7
Argentina,2005,,0,12.1
Argentina,2006,,0,11.2
Argentina,2007,,-14.3,-17.3
Argentina,2008,,-33.3,0.3
Argentina,2009,,0,10.5
Argentina,2010,,-25,-3
Argentina,2011,,0,-6.2
Argentina,2012,,1133.3,-5
Argentina,2013,100,21.6,12.2
Argentina,2014,0,37.8,-0.7
Argentina,2015,-50,-4.8,-0.3
Argentina,2016,0,-6.8,-8.5
Argentina,2017,100,10.9,7
Argentina,2018,450,131.1,4.6
Argentina,2019,627.3,254.6,-1.2
Argentina,2020,67.5,88.2,5.3
Argentina,2021,64.2,37.5,1.1
Argentina,2022,33.6,9.4,14.1
Argentina,2023,11.6,2.3,22.2
Argentina,2024,21,11.7,1.5
Argentina,2025,29.5,15.2,1
Australia,2000,,,
Australia,2001,0,123.1,-1.6
Australia,2002,20,82.8,4
Australia,2003,0,32.1,4
Australia,2004,16.7,14.3,3.9
Australia,2005,14.3,62.5,6.9
Australia,2006,25,66.2,2
Australia,2007,10,31.9,-4
Australia,2008,27.3,21.4,-5.8
Australia,2009,107.1,28.3,5.4
Australia,2010,237.9,12.4,9.9
Australia,2011,108.2,28.9,38.1
Australia,2012,18.1,20.1,-1.1
Australia,2013,59.8,19.9,17.4
Australia,2014,28.6,5.6,-7.8
Australia,2015,25.3,21,9.3
Australia,2016,20,10.2,16.6
Australia,2017,19.9,1.3,-6.1
Australia,2018,38.2,23.1,26.3
Australia,2019,48.4,19.7,11.7
Australia,2020,30.3,16.1,16.3
Australia,2021,30.8,18.5,20.2
Australia,2022,20.4,12.1,13.2
Australia,2023,19.8,6.1,8.7
Australia,2024,11.6,2.7,3.9
Australia,2025,11.7,19.8,11.9
Austria,2000,,,
Austria,2001,,42.9,-2.8
Austria,2002,0,40,-0.8
Austria,2003,0,164.3,-15.9
Austria,2004,100,151.4,12.4
Austria,2005,0,43,3.2
Austria,2006,0,31.6,-0.5
Austria,2007,0,16.6,6.2
Austria,2008,50,-1.5,3.2
Austria,2009,66.7,-3,6
Austria,2010,80,5.6,-4.6
Austria,2011,88.9,-5.8,-9.1
Austria,2012,100,26.8,25.5
Austria,2013,85.3,28,-1.6
Austria,2014,25.4,22.2,-0.6
Austria,2015,19,25.7,-5.2
Austria,2016,17,8.1,7.3
Austria,2017,15.5,25.6,-0.1
Austria,2018,15,-8.2,-1.9
Austria,2019,16.4,23.5,9.1
Austria,2020,20,-8.9,1.4
Austria,2021,36.3,-0.7,-4.8
Austria,2022,36.3,7.4,-4.4
Austria,2023,81.8,11,19.3
Austria,2024,18.1,13.7,12.5
Austria,2025,26.7,-9.1,-9.5
Bangladesh,2000,,,
Bangladesh,2001,,,4.3
Bangladesh,2002,,,7.1
Bangladesh,2003,,,6.7
Bangladesh,2004,,,8
Bangladesh,2005,,,5.8
Bangladesh,2006,,,8.6
Bangladesh,2007,100,,-45.3
Bangladesh,2008,0,,26.3
Bangladesh,2009,50,,-51
Bangladesh,2010,133.3,,76.6
Bangladesh,2011,-14.3,,18.1
Bangladesh,2012,50,,-7.1
Bangladesh,2013,44.4,,17.6
Bangladesh,2014,23.1,,-27.1
Bangladesh,2015,25,,2.6
Bangladesh,2016,10,0,55
Bangladesh,2017,13.6,0,4
Bangladesh,2018,24,0,8.5
Bangladesh,2019,19.4,0,-15
Bangladesh,2020,24.3,0,5
Bangladesh,2021,32.6,0,8
Bangladesh,2022,42.6,0,17.8
Bangladesh,2023,23,-100,8.2
Bangladesh,2024,14,,11.6
Bangladesh,2025,27.9,,15.1
Belgium,2000,,,
Belgium,2001,,100,2.9
Belgium,2002,,50,5.6
Belgium,2003,,50,5.3
Belgium,2004,,55.6,25
Belgium,2005,,64.3,40.7
Belgium,2006,,60.9,40.3
Belgium,2007,,32.4,17.9
Belgium,2008,300,30.6,26.6
Belgium,2009,325,54.7,23.1
Belgium,2010,241.2,31.3,20.8
Belgium,2011,108.6,78.5,27.2
Belgium,2012,77.7,19,25.7
Belgium,2013,22.8,33,11.5
Belgium,2014,9.5,25.9,4.2
Belgium,2015,5.9,20.6,18.3
Belgium,2016,1.3,-2.7,-1.3
Belgium,2017,6.8,20.3,10.9
Belgium,2018,17.8,16.1,8.6
Belgium,2019,9,28.8,13.3
Belgium,2020,20.2,31.4,20.6
Belgium,2021,10,-6.3,-3
Belgium,2022,22.4,2.9,7.4
Belgium,2023,13.8,25,12.4
Belgium,2024,9.3,-8.9,-2.5
Belgium,2025,22.1,-2.4,6
Brazil,2000,,,
Brazil,2001,,,-11.3
Brazil,2002,,100,7
Brazil,2003,,0,7.2
Brazil,2004,,0,5
Brazil,2005,,50,5.3
Brazil,2006,,166.7,3.6
Brazil,2007,,175,7.9
Brazil,2008,,78.8,-0.6
Brazil,2009,,5.1,6.3
Brazil,2010,,75.8,5.4
Brazil,2011,,23.9,6
Brazil,2012,,87,-1.6
Brazil,2013,,30.3,-3.9
Brazil,2014,,85.6,-1.3
Brazil,2015,200,77.1,-0.3
Brazil,2016,50,54.8,8
Brazil,2017,822.2,26.5,0.3
Brazil,2018,316.9,14.4,6.1
Brazil,2019,92.2,15.5,4.1
Brazil,2020,61.7,1.9,1.5
Brazil,2021,55.8,26.7,-2.9
Brazil,2022,79.9,12.9,16.9
Brazil,2023,68,17.4,6.1
Brazil,2024,40.9,13.2,3.3
Brazil,2025,24.3,8.4,-0.2
Canada,2000,,,
Canada,2001,0,26.9,-6.7
Canada,2002,0,24.2,5.3
Canada,2003,0,68.3,-3.7
Canada,2004,-50,36.2,0.8
Canada,2005,100,67,6.7
Canada,2006,0,57.3,-2.3
Canada,2007,50,21.9,4.2
Canada,2008,33.3,25.9,2.5
Canada,2009,175,75.2,-1.3
Canada,2010,136.4,31.3,-3.6
Canada,2011,119.2,16.9,7
Canada,2012,54.4,11,1.7
Canada,2013,70.5,-1.4,3
Canada,2014,41.3,15,-2
Canada,2015,36.3,110.4,3.6
Canada,2016,4.2,14.7,2.1
Canada,2017,10,1.9,2.3
Canada,2018,5.4,6.2,-1.6
Canada,2019,7.4,-1.8,-1.1
Canada,2020,8.5,8.8,1.9
Canada,2021,25.6,4.3,-0.3
Canada,2022,12.3,5.8,3.9
Canada,2023,46.3,2.6,-7.3
Canada,2024,12.1,15.6,-2.4
Canada,2025,8,9.9,1.9
Chile,2000,,,
Chile,2001,,,11.6
Chile,2002,,0,4.9
Chile,2003,,0,-3
Chile,2004,,0,2.2
Chile,2005,,0,17.7
Chile,2006,,0,8.1
Chile,2007,,0,-15.4
Chile,2008,,300,5.7
Chile,2009,,100,8.6
Chile,2010,,312.5,-17.6
Chile,2011,,3,7.1
Chile,2012,,20.6,-2.7
Chile,2013,,34.1,3
Chile,2014,4700,161.8,15.6
Chile,2015,158.3,46.5,7.7
Chile,2016,108.9,16.1,4.5
Chile,2017,48.3,43.7,1.7
Chile,2018,33.3,1.7,9.1
Chile,2019,23,36.6,3.5
Chile,2020,19.5,13.5,4.3
Chile,2021,40.2,37.3,6.4
Chile,2022,48.8,16.5,16.9
Chile,2023,14.2,6.5,11.9
Chile,2024,12.5,10.3,10.2
Chile,2025,9.9,11,-5.4
China,2000,,,
China,2001,50,22,24.5
China,2002,66.7,16.7,3.8
China,2003,20,19,-1.4
China,2004,33.3,28,24.4
China,2005,0,52.3,13.1
China,2006,12.5,90.3,10.5
China,2007,22.2,47.7,12.1
China,2008,36.4,139.1,32.8
China,2009,86.7,110.8,-0.1
China,2010,150,78.9,18.4
China,2011,272.9,50,0.8
China,2012,37.5,39.1,26.1
China,2013,133.1,34.2,9.4
China,2014,180.9,15.6,17.9
China,2015,67.9,16.2,8.1
China,2016,68.5,29.8,9.3
China,2017,77.1,26.5,9.5
China,2018,50.2,20.1,10.1
China,2019,26.6,10.8,9.8
China,2020,16.6,15.1,8.5
China,2021,25.2,40.6,12.1
China,2022,30.7,16.3,9.1
China,2023,36.7,16.2,8.4
China,2024,43.6,12.5,17.4
China,2025,40,13.9,15.3
Colombia,2000,,,
Colombia,2001,0,,-0.8
Colombia,2002,0,,6.7
Colombia,2003,0,,6.4
Colombia,2004,0,,10.7
Colombia,2005,0,0,-0.6
Colombia,2006,0,20,7.4
Colombia,2007,0,-16.7,3.9
Colombia,2008,0,0,4.4
Colombia,2009,0,20,-11.4
Colombia,2010,0,-33.3,3
Colombia,2011,0,0,18.8
Colombia,2012,0,25,-2.6
Colombia,2013,0,20,3.6
Colombia,2014,0,16.7,-4.3
Colombia,2015,0,0,1.5
Colombia,2016,0,-28.6,1.2
Colombia,2017,0,-100,24.2
Colombia,2018,100,,-3.8
Colombia,2019,550,50,-8.3
Colombia,2020,46.2,-83.3,-7.2
Colombia,2021,73.7,500,24.7
Colombia,2022,90.9,16.7,-2.7
Colombia,2023,114.3,214.3,-5.9
Colombia,2024,154.1,-31.8,-5.7
Colombia,2025,34.1,0,27.3
Czechia,2000,,,
Czechia,2001,,,12.7
Czechia,2002,,,16.3
Czechia,2003,,,-37.5
Czechia,2004,,,46.5
Czechia,2005,,100,14.2
Czechia,2006,,150,12.5
Czechia,2007,,160,-2.8
Czechia,2008,,84.6,8.8
Czechia,2009,800,20.8,25.3
Czechia,2010,588.9,17.2,26.8
Czechia,2011,251.6,17.6,22.5
Czechia,2012,-1.4,5,11.5
Czechia,2013,-5.6,14.3,15.2
Czechia,2014,4.4,0,-1.4
Czechia,2015,6.6,18.8,2.6
Czechia,2016,-5.8,-12.3,-0.2
Czechia,2017,3.3,18,2.6
Czechia,2018,7.3,3.4,-2.1
Czechia,2019,-1.7,14.8,6.7
Czechia,2020,-1.3,0,2.8
Czechia,2021,-1.7,-14.3,2.9
Czechia,2022,16.9,6.7,1.2
Czechia,2023,9.9,9.4,3.4
Czechia,2024,24.2,-4.3,10.4
Czechia,2025,22.3,-14.9,3.4
Egypt,2000,,,
Egypt,2001,,125,2.3
Egypt,2002,,16.7,-2.7
Egypt,2003,,38.1,-6.8
Egypt,2004,,72.4,0.8
Egypt,2005,,2,-1.4
Egypt,2006,,19.6,1.8
Egypt,2007,,8.2,11.1
Egypt,2008,,40.9,7.7
Egypt,2009,,11.8,-7.6
Egypt,2010,,35.6,-2.8
Egypt,2011,700,5.7,2.3
Egypt,2012,108.3,-10.1,1
Egypt,2013,-94,17.9,-0.1
Egypt,2014,366.7,-34.8,-0.6
Egypt,2015,-71.4,83.5,5.8
Egypt,2016,475,27,1.4
Egypt,2017,160.9,-12.1,-2.1
Egypt,2018,-8.3,41.7,6.2
Egypt,2019,170.9,66.6,19
Egypt,2020,198.7,5,21.3
Egypt,2021,11.7,5,6.7
Egypt,2022,0.6,7.5,1
Egypt,2023,-1.4,1.5,1.4
Egypt,2024,23.1,2.5,2.3
Egypt,2025,25.4,51.5,20.3
Finland,2000,,,
Finland,2001,,-12.5,-7.9
Finland,2002,,-14.3,-7.9
Finland,2003,,50,-3.9
Finland,2004,,33.3,34.5
Finland,2005,,41.7,-8.5
Finland,2006,,-5.9,-4.3
Finland,2007,,18.8,8.3
Finland,2008,,36.8,14.2
Finland,2009,,7.7,-21.9
Finland,2010,,3.6,11.4
Finland,2011,,65.5,0
Finland,2012,0,2.1,18.1
Finland,2013,0,57.1,-10.3
Finland,2014,0,44.2,2.5
Finland,2015,0,109.9,16.2
Finland,2016,100,31.8,-0.4
Finland,2017,150,56,3.5
Finland,2018,80,21.9,2.1
Finland,2019,66.7,3.1,-0.8
Finland,2020,46.7,37.2,12.7
Finland,2021,36.4,3,6.3
Finland,2022,30,41.2,1.3
Finland,2023,84.6,25.1,9.4
Finland,2024,30.6,36.2,9
Finland,2025,4.3,10.3,0.8
France,2000,,,
France,2001,0,160,12.2
France,2002,0,107.7,-17.6
France,2003,0,44.4,-1.9
France,2004,0,51.3,1.5
France,2005,0,62.7,-11.9
France,2006,0,127.1,10.8
France,2007,100,86.7,5.6
France,2008,100,39.8,12.5
France,2009,325,39,-5.8
France,2010,264.7,25.7,12.5
France,2011,275.8,24.4,-13.9
France,2012,90.1,22.7,29.1
France,2013,17.2,6.3,16.6
France,2014,23.1,7.3,-5.4
France,2015,21.3,23.7,-2.3
France,2016,11.7,-0.2,7.8
France,2017,2.4,15.1,-7.2
France,2018,25.7,16.2,23.9
France,2019,7.8,21.4,-0.8
France,2020,8.9,15.4,10.7
France,2021,16.7,-7.3,-2.3
France,2022,26.6,2.9,-7.1
France,2023,16.8,32.1,23
France,2024,10.1,-10,9.4
France,2025,27.9,2.3,-2.7
Germany,2000,,,
Germany,2001,,11.9,7
Germany,2002,100,51.6,17.4
Germany,2003,55,20.4,4.9
Germany,2004,80.6,36.3,24.2
Germany,2005,133.9,6.7,9.4
Germany,2006,73.3,12.8,14.4
Germany,2007,38.3,29.3,23.3
Germany,2008,43.6,2.1,5.5
Germany,2009,49,-4.7,1.8
Germany,2010,78,-2.2,9.7
Germany,2011,67.1,29.3,18
Germany,2012,33.8,3.7,15.2
Germany,2013,14.5,2.1,6
Germany,2014,15.8,10.9,6.6
Germany,2015,7.4,37.8,16.2
Germany,2016,-1.4,-0.9,0.5
Germany,2017,3.2,32.2,14
Germany,2018,14.3,4,3.4
Germany,2019,2,14.5,8.2
Germany,2020,9.5,4.9,4.3
Germany,2021,-0.3,-13.6,-7.6
Germany,2022,22.2,9.3,8.2
Germany,2023,5.9,12.6,10.2
Germany,2024,16.1,0.8,5
Germany,2025,20.9,-3.9,1.7
India,2000,,,
India,2001,0,32.3,-5.1
India,2002,0,0,-4.5
India,2003,100,24.4,2.5
India,2004,0,101.2,46.3
India,2005,0,14.5,-1.6
India,2006,-50,55.9,18.7
India,2007,500,25.1,11.1
India,2008,0,23.1,-2
India,2009,33.3,13.1,-4.1
India,2010,37.5,19.6,6.2
India,2011,654.5,23.1,21.5
India,2012,153,14.5,-5.9
India,2013,63.3,9.4,13.1
India,2014,43.1,11.5,8.5
India,2015,44.4,-2.1,-3.4
India,2016,72.1,32.7,5.1
India,2017,83.3,21.1,12.2
India,2018,67.5,14.6,13.3
India,2019,0,5,10.1
India,2020,41.3,-4.5,5.4
India,2021,24,12.7,6.2
India,2022,46.2,2.9,15.5
India,2023,20.3,17.2,1.5
India,2024,24,-0.7,9
India,2025,37,27.5,24.2
Indonesia,2000,,,
Indonesia,2001,,,13.2
Indonesia,2002,,,-5.4
Indonesia,2003,,,-5.6
Indonesia,2004,,,5.8
Indonesia,2005,,,8.1
Indonesia,2006,,,-6.5
Indonesia,2007,,,14.7
Indonesia,2008,,,8.4
Indonesia,2009,,,1.7
Indonesia,2010,,,29.3
Indonesia,2011,,,-12
Indonesia,2012,,,2.1
Indonesia,2013,,,14.1
Indonesia,2014,0,,-3.1
Indonesia,2015,0,,-2.5
Indonesia,2016,100,,17.9
Indonesia,2017,50,-100,9.1
Indonesia,2018,200,,12
Indonesia,2019,33.3,152.6,-0.7
Indonesia,2020,41.7,-2.1,10.1
Indonesia,2021,11.8,-6.4,6.3
Indonesia,2022,131.6,-18.2,16.4
Indonesia,2023,61.4,33.3,-0.3
Indonesia,2024,90.1,-2.1,3.1
Iran,2000,,,
Iran,2001,,-25,8.6
Iran,2002,,0,93.7
Iran,2003,,0,19.7
Iran,2004,,66.7,24.5
Iran,2005,,40,21.2
Iran,2006,,85.7,28.4
Iran,2007,,7.7,-2.9
Iran,2008,,42.9,-57.8
Iran,2009,,15,-9
Iran,2010,,-26.1,50.1
Iran,2011,,23.5,4.6
Iran,2012,,33.3,17.3
Iran,2013,,-21.4,16.1
Iran,2014,,-9.1,-0.7
Iran,2015,,-30,-9.1
Iran,2016,,14.3,16.3
Iran,2017,,100,13.2
Iran,2018,144.4,134.4,-38.7
Iran,2019,131.8,-4,224.2
Iran,2020,13.7,56.9,-29
Iran,2021,6.9,0,-37.4
Iran,2022,0,0,1.1
Iran,2023,9.7,7.1,56.8
Iran,2024,32.4,3.3,-14.9
Iran,2025,0,0,-27.7
Iraq,2000,,,
Iraq,2001,,,1.6
Iraq,2002,,,-16.1
Iraq,2003,,,-17.3
Iraq,2004,,,14
Iraq,2005,,,1124.5
Iraq,2006,,,1.7
Iraq,2007,,,-5.9
Iraq,2008,,,-39.4
Iraq,2009,,,-7.2
Iraq,2010,,,47.7
Iraq,2011,,,-28.7
Iraq,2012,,,29.1
Iraq,2013,,,9.6
Iraq,2014,20,,-37.8
Iraq,2015,0,,-12.7
Iraq,2016,0,,31.4
Iraq,2017,0,,-34.7
Iraq,2018,0,,-16.1
Iraq,2019,0,,167
Iraq,2020,533.3,,-9.6
Iraq,2021,0,,-17.8
Iraq,2022,0,,-18.8
Iraq,2023,0,,-41.9
Iraq,2024,13.2,,38.1
Israel,2000,,,
Israel,2001,,,-33.3
Israel,2002,,0,50
Israel,2003,,0,33.3
Israel,2004,,0,0
Israel,2005,,0,0
Israel,2006,,0,-50
Israel,2007,,0,0
Israel,2008,,0,100
Israel,2009,,0,125
Israel,2010,250,0,88.9
Israel,2011,171.4,0,76.5
Israel,2012,94.7,0,63.3
Israel,2013,32.4,0,16.3
Israel,2014,79.6,0,68.4
Israel,2015,27.3,0,27.1
Israel,2016,37.5,400,39.3
Israel,2017,-1.9,260,-0.6
Israel,2018,4,0,11.2
Israel,2019,104.5,5.6,86.7
Israel,2020,27.7,5.3,26.5
Israel,2021,34.6,-10,31.1
Israel,2022,27.7,61.1,28.4
Israel,2023,21.4,58.6,22.2
Israel,2024,22.9,0,21.6
Israel,2025,26.2,0,25.2
Italy,2000,,,
Italy,2001,0,110.7,6.8
Italy,2002,0,18.6,-11.1
Italy,2003,0,4.3,-3
Italy,2004,50,26,15
Italy,2005,0,27.2,-10.1
Italy,2006,33.3,26.9,4.6
Italy,2007,0,35.7,-5.8
Italy,2008,375,20.6,21.9
Italy,2009,257.9,34.6,19.1
Italy,2010,180.9,39.4,11.1
Italy,2011,465.4,8,7.8
Italy,2012,74.6,36.1,11.2
Italy,2013,14.5,11.1,21.4
Italy,2014,3.3,1.9,7.8
Italy,2015,2.8,-2.2,-9.8
Italy,2016,-3.7,19.2,-0.8
Italy,2017,10.3,0.3,-3.8
Italy,2018,-7.1,-0.1,10.1
Italy,2019,4.6,14,1.2
Italy,2020,5.3,-7.1,0.9
Italy,2021,0.4,11.6,-0.5
Italy,2022,12.3,-2.1,-13.6
Italy,2023,9.2,15.1,16
Italy,2024,17.2,-5.8,15.2
Italy,2025,24,-3.3,-3.8
Japan,2000,,,
Japan,2001,47.1,127.3,-2.7
Japan,2002,38,64,0.3
Japan,2003,37.7,102.4,13.7
Japan,2004,33.7,73.5,0.3
Japan,2005,28.3,32.6,-8.6
Japan,2006,22.7,11.5,11.4
Japan,2007,15.5,28.6,-11.1
Japan,2008,12.1,7.3,0.2
Japan,2009,17.8,16.7,-4.6
Japan,2010,30.5,14.6,21.5
Japan,2011,36.7,13.5,-4
Japan,2012,35.5,6.1,-1.9
Japan,2013,75.2,8.5,8.3
Japan,2014,82.4,-2.3,11.1
Japan,2015,46.7,4.2,15
Japan,2016,25.4,2.3,-1.5
Japan,2017,24.7,16.5,7.6
Japan,2018,13.3,18.5,7.4
Japan,2019,10.1,1.2,0.6
Japan,2020,12.6,12.7,9.4
Japan,2021,10.9,13.4,7.8
Japan,2022,8.2,-1.3,2.4
Japan,2023,5.8,5.7,4.5
Japan,2024,0.4,15.9,4.6
Japan,2025,4.5,11.4,4.1
Kazakhstan,2000,,,
Kazakhstan,2001,,,7.3
Kazakhstan,2002,,,10
Kazakhstan,2003,,,-3
Kazakhstan,2004,,,-6.5
Kazakhstan,2005,,,-2.5
Kazakhstan,2006,,,-1.1
Kazakhstan,2007,,,5.1
Kazakhstan,2008,,,-8.7
Kazakhstan,2009,,,-7.8
Kazakhstan,2010,,,16.6
Kazakhstan,2011,,,-1.7
Kazakhstan,2012,,,-3
Kazakhstan,2013,,,1.2
Kazakhstan,2014,,,7
Kazakhstan,2015,,1200,14.3
Kazakhstan,2016,80,107.7,26.8
Kazakhstan,2017,0,25.9,-2.8
Kazakhstan,2018,55.6,14.7,-6.3
Kazakhstan,2019,178.6,82.1,1.6
Kazakhstan,2020,217.9,45.1,7.7
Kazakhstan,2021,31.5,69.9,5.4
Kazakhstan,2022,8.6,32,5.5
Kazakhstan,2023,5.6,63.6,8.9
Kazakhstan,2024,0,29.9,24.7
Kazakhstan,2025,9.1,18.7,1.9
Kuwait,2000,,,
Kuwait,2001,,,
Kuwait,2002,,,
Kuwait,2003,,,
Kuwait,2004,,,
Kuwait,2005,,,
Kuwait,2006,,,
Kuwait,2007,,,
Kuwait,2008,,,
Kuwait,2009,,,
Kuwait,2010,,,
Kuwait,2011,,,
Kuwait,2012,,,
Kuwait,2013,,,
Kuwait,2014,,0,0
Kuwait,2015,,0,0
Kuwait,2016,,0,100
Kuwait,2017,0,200,100
Kuwait,2018,400,33.3,125
Kuwait,2019,20,0,11.1
Kuwait,2020,0,-25,-10
Kuwait,2021,133.3,133.3,133.3
Kuwait,2022,28.6,2357.1,804.8
Kuwait,2023,5.6,0,0.5
Kuwait,2024,10.5,8.1,8.4
Kuwait,2025,0,0,0
Malaysia,2000,,,
Malaysia,2001,,,-12.2
Malaysia,2002,,,-12.5
Malaysia,2003,,,-5.2
Malaysia,2004,,,11.6
Malaysia,2005,,,7.3
Malaysia,2006,,,5.2
Malaysia,2007,,,-3.2
Malaysia,2008,,,28.1
Malaysia,2009,,,-3.8
Malaysia,2010,,,-8
Malaysia,2011,,,26
Malaysia,2012,,,12.1
Malaysia,2013,1300,,21.2
Malaysia,2014,64.3,,9.7
Malaysia,2015,17.4,,4.4
Malaysia,2016,14.8,,41.2
Malaysia,2017,6.5,,32.5
Malaysia,2018,90.9,,1.3
Malaysia,2019,131.7,,1.7
Malaysia,2020,41.1,,6.2
Malaysia,2021,11.7,,10.3
Malaysia,2022,19.6,,6
Malaysia,2023,17.8,,0.6
Malaysia,2024,27.2,,12.1
Malaysia,2025,9.5,,2.9
Mexico,2000,,,
Mexico,2001,0,0,-12
Mexico,2002,0,0,-10.8
Mexico,2003,0,0,-13.3
Mexico,2004,0,0,21
Mexico,2005,0,0,10.5
Mexico,2006,0,150,5.9
Mexico,2007,0,400,-5.7
Mexico,2008,100,0,32.2
Mexico,2009,50,140,-26.4
Mexico,2010,0,106.7,33.2
Mexico,2011,33.3,33.1,-1.2
Mexico,2012,75,123.6,-6.2
Mexico,2013,57.1,13.3,-6.8
Mexico,2014,100,53.8,33.7
Mexico,2015,-9.1,36.1,-10.1
Mexico,2016,25,18.6,1.5
Mexico,2017,376,2.3,3.7
Mexico,2018,169.7,17.1,8.8
Mexico,2019,210.3,34.5,4.1
Mexico,2020,59,17.8,20.6
Mexico,2021,27.5,7,18.3
Mexico,2022,0.7,-2.6,1.3
Mexico,2023,14.7,0.8,-14.3
Mexico,2024,10.2,-4.6,5.2
Mexico,2025,2.4,8.3,9.9
Netherlands,2000,,,
Netherlands,2001,0,0,11.4
Netherlands,2002,100,14.5,20.2
Netherlands,2003,50,38.9,-0.5
Netherlands,2004,0,41.7,33.8
Netherlands,2005,33.3,10.7,40.8
Netherlands,2006,0,32.4,8
Netherlands,2007,0,25.5,-5.8
Netherlands,2008,0,23.8,25.6
Netherlands,2009,0,7.5,13.6
Netherlands,2010,50,-12.9,3.3
Netherlands,2011,66.7,27.8,10.1
Netherlands,2012,90,-2.4,1.2
Netherlands,2013,115.8,13.1,-3
Netherlands,2014,78,3,-3.7
Netherlands,2015,52.1,30.2,17.5
Netherlands,2016,44.1,8.2,8
Netherlands,2017,37.5,29.4,17.9
Netherlands,2018,68.6,-0.2,8.3
Netherlands,2019,45.6,9.1,20.8
Netherlands,2020,58.7,32.7,43.6
Netherlands,2021,31.9,18.7,23.6
Netherlands,2022,47.4,19,18.9
Netherlands,2023,17.7,36.9,18.2
Netherlands,2024,11.3,13.4,9.2
Netherlands,2025,30.6,0.7,11.3
Norway,2000,,,
Norway,2001,,0,-15
Norway,2002,,166.7,7.4
Norway,2003,,175,-18.2
Norway,2004,,13.6,3.2
Norway,2005,,100,24.8
Norway,2006,,28,-11.8
Norway,2007,,39.1,12.1
Norway,2008,,2.2,4
Norway,2009,,6.6,-9.9
Norway,2010,,-10.3,-6.7
Norway,2011,,48.3,3.3
Norway,2012,,19.4,17.8
Norway,2013,,22.1,-9.2
Norway,2014,,18.1,5.8
Norway,2015,,13.5,1.5
Norway,2016,,-16.3,3.6
Norway,2017,,35.1,0.2
Norway,2018,,35.8,-1.7
Norway,2019,,42.6,-8.4
Norway,2020,700,79.5,16
Norway,2021,37.5,18.7,2.7
Norway,2022,54.5,25.9,-8.1
Norway,2023,111.8,-5.7,5.5
Norway,2024,47.2,4.6,2.4
Norway,2025,0,-7.1,2.8
Pakistan,2000,,,
Pakistan,2001,,,10.2
Pakistan,2002,,,18
Pakistan,2003,,,25.9
Pakistan,2004,,,-4.5
Pakistan,2005,,,18.6
Pakistan,2006,,,3.6
Pakistan,2007,,,-9.2
Pakistan,2008,,,-3
Pakistan,2009,,,0.1
Pakistan,2010,,0,12.8
Pakistan,2011,200,100,-9.6
Pakistan,2012,133.3,-50,4.8
Pakistan,2013,100,3900,8.5
Pakistan,2014,71.4,100,4.9
Pakistan,2015,58.3,-1.2,7.1
Pakistan,2016,78.9,68.4,-5.5
Pakistan,2017,35.3,57.9,-9
Pakistan,2018,0,50.5,1.5
Pakistan,2019,183.7,-8.9,23.1
Pakistan,2020,57.1,0.7,3.7
Pakistan,2021,41.2,57.9,8.2
Pakistan,2022,33.3,38.4,10.4
Pakistan,2023,47,-4.6,12.9
Pakistan,2024,74.7,-14.7,14
Pakistan,2025,84.6,11.2,28.1
Peru,2000,,,
Peru,2001,,,8.8
Peru,2002,,,2.6
Peru,2003,,,2.7
Peru,2004,,,-5.7
Peru,2005,,,4.3
Peru,2006,,,8.8
Peru,2007,,,-0.4
Peru,2008,,,-2.4
Peru,2009,,,2.3
Peru,2010,,,3.8
Peru,2011,,,7.5
Peru,2012,,,-0.9
Peru,2013,233.3,,6.3
Peru,2014,0,,2
Peru,2015,15,130.8,6.3
Peru,2016,4.3,76.7,2.2
Peru,2017,20.8,0.9,18.7
Peru,2018,158.6,40.2,8.1
Peru,2019,4,10,3.1
Peru,2020,1.3,9.7,-2.3
Peru,2021,1.3,0.6,4.3
Peru,2022,5,6,-5.7
Peru,2023,0,0,0
Peru,2024,13.1,8.3,7.7
Peru,2025,92.6,1,7.9
Philippines,2000,,,
Philippines,2001,,,-9.7
Philippines,2002,,,-1.5
Philippines,2003,,,2.4
Philippines,2004,,,6.7
Philippines,2005,,,-3
Philippines,2006,,150,11.7
Philippines,2007,,20,-7.9
Philippines,2008,,0,9.4
Philippines,2009,,0,-2.2
Philippines,2010,,0,-11.7
Philippines,2011,,50,11.3
Philippines,2012,,-11.1,4.6
Philippines,2013,,-12.5,-4.2
Philippines,2014,,114.3,-0.5
Philippines,2015,600,400,5.9
Philippines,2016,685.7,30.7,5
Philippines,2017,9.1,11.2,5.4
Philippines,2018,4.2,5.5,0.6
Philippines,2019,0,-9.6,-5.4
Philippines,2020,9.6,-1,-2
Philippines,2021,7.3,24.3,8.4
Philippines,2022,23.8,-17.2,5.6
Philippines,2023,0,27.4,1.2
Philippines,2024,14.3,11.1,1.6
Philippines,2025,44.2,-2.7,12.9
Poland,2000,,,
Poland,2001,,,19.3
Poland,2002,,500,-0.4
Poland,2003,,100,-18.8
Poland,2004,,16.7,42.2
Poland,2005,,0,20.3
Poland,2006,,85.7,11.4
Poland,2007,,100,26.6
Poland,2008,,61.5,21.7
Poland,2009,,28.6,31.5
Poland,2010,,53.7,25.2
Poland,2011,,92.8,20.7
Poland,2012,,48.4,28.6
Poland,2013,,26.3,1.1
Poland,2014,,28,16.4
Poland,2015,500,41.4,14.3
Poland,2016,100,15.9,0.5
Poland,2017,41.7,18.4,5.8
Poland,2018,76.5,-14.2,-10.4
Poland,2019,136.7,18,17.8
Poland,2020,176.1,4.6,10.9
Poland,2021,100.5,2.7,8.3
Poland,2022,111.5,21.9,23.3
Poland,2023,33.7,22.2,21.7
Poland,2024,59,7.1,16.9
Poland,2025,10.7,-4.9,1.8
Romania,2000,,,
Romania,2001,,,0.9
Romania,2002,,,7.6
Romania,2003,,,-17.4
Romania,2004,,,24.5
Romania,2005,,,22.5
Romania,2006,,,-9.2
Romania,2007,,,-12.8
Romania,2008,,,7.6
Romania,2009,,,-9.7
Romania,2010,,3000,30.5
Romania,2011,,348.4,-19.6
Romania,2012,,89.9,-8.5
Romania,2013,4100,71.2,35
Romania,2014,285.7,37.2,34.6
Romania,2015,22.2,13.9,-3.4
Romania,2016,-8.1,-6.7,3
Romania,2017,2.2,12.4,-9.9
Romania,2018,-4.8,-14.7,7.8
Romania,2019,0.6,7.1,-6
Romania,2020,-2.8,2.7,-0.1
Romania,2021,-1.7,-5.3,7
Romania,2022,17.1,6.4,-10.3
Romania,2023,12.1,7.9,20.1
Romania,2024,53.4,-14.8,-13.5
Romania,2025,42.7,-7.2,-4.4
Russia,2000,,,
Russia,2001,,,6
Russia,2002,,,-6.7
Russia,2003,,0,-3.9
Russia,2004,,0,12.9
Russia,2005,,0,-1.7
Russia,2006,,0,0.4
Russia,2007,,0,2.1
Russia,2008,,0,-6.9
Russia,2009,,-100,5.7
Russia,2010,,,-4.4
Russia,2011,,,-2
Russia,2012,,0,0.2
Russia,2013,,-100,10.8
Russia,2014,1500,,-4.1
Russia,2015,112.5,50,-3
Russia,2016,38.2,0,9.9
Russia,2017,14.9,-6.7,0.4
Russia,2018,14.8,71.4,3
Russia,2019,59.7,29.2,2.2
Russia,2020,87.9,267.7,10.2
Russia,2021,24.2,126.3,1.8
Russia,2022,3.9,62.8,-6.9
Russia,2023,9.6,13.1,1.9
Russia,2024,11,-3.8,4.7
Russia,2025,-2.7,-20.4,-5.4
Saudi Arabia,2000,,,
Saudi Arabia,2001,,,
Saudi Arabia,2002,,,
Saudi Arabia,2003,,,
Saudi Arabia,2004,,,
Saudi Arabia,2005,,,
Saudi Arabia,2006,,,
Saudi Arabia,2007,,,
Saudi Arabia,2008,,,
Saudi Arabia,2009,,,
Saudi Arabia,2010,,,
Saudi Arabia,2011,,,
Saudi Arabia,2012,200,,200
Saudi Arabia,2013,33.3,,33.3
Saudi Arabia,2014,25,,25
Saudi Arabia,2015,0,,0
Saudi Arabia,2016,0,,0
Saudi Arabia,2017,40,,40
Saudi Arabia,2018,128.6,,128.6
Saudi Arabia,2019,31.2,,37.5
Saudi Arabia,2020,333.3,0,318.2
Saudi Arabia,2021,8.8,0,8.7
Saudi Arabia,2022,23.2,7800,101
Saudi Arabia,2023,156.6,101.3,134.8
Saudi Arabia,2024,162.9,0,108.1
Singapore,2000,,,
Singapore,2001,,,40.8
Singapore,2002,,,11.6
Singapore,2003,,,28.6
Singapore,2004,,,-3
Singapore,2005,,,0
Singapore,2006,,,-1
Singapore,2007,,,4.2
Singapore,2008,,,5.1
Singapore,2009,,,1
Singapore,2010,,,12.4
Singapore,2011,,,1.7
Singapore,2012,,,5.8
Singapore,2013,,,33.1
Singapore,2014,,,-18.3
Singapore,2015,,,5.8
Singapore,2016,,,2.7
Singapore,2017,33.3,,0.7
Singapore,2018,16.7,,-1.3
Singapore,2019,35.7,,1.3
Singapore,2020,57.9,,-1.3
Singapore,2021,33.3,,8.7
Singapore,2022,67.5,,43.8
Singapore,2023,40.3,,11.6
Singapore,2024,36.2,,13.1
Singapore,2025,28.1,,12.2
South Korea,2000,,,
South Korea,2001,0,-50,-40.8
South Korea,2002,0,0,40.6
South Korea,2003,0,100,49
South Korea,2004,0,150,-8.8
South Korea,2005,0,160,-12.7
South Korea,2006,200,84.6,-2.2
South Korea,2007,133.3,58.3,12.1
South Korea,2008,300,15.8,-0.4
South Korea,2009,103.6,56.8,3.8
South Korea,2010,35.1,18.8,23.4
South Korea,2011,19.5,4.9,30.1
South Korea,2012,22.8,5.8,10.4
South Korea,2013,47.8,26.4,25.2
South Korea,2014,61.1,0,26
South Korea,2015,57.2,16.5,17.9
South Korea,2016,30.5,25.4,19.3
South Korea,2017,40.2,29.2,23.2
South Korea,2018,31.4,13.4,24.5
South Korea,2019,39.5,8.9,18.7
South Korea,2020,36.3,17.5,22.4
South Korea,2021,27.8,1,19.1
South Korea,2022,24.3,6,15.4
South Korea,2023,8.2,0.6,6.5
South Korea,2024,-1.6,-0.9,2.8
South Korea,2025,15.5,8.3,6.9
Spain,2000,,,
Spain,2001,100,42.9,42.9
Spain,2002,0,38.2,-32.7
Spain,2003,0,29.2,68.1
Spain,2004,0,30.1,-10.1
Spain,2005,150,34.9,-15.7
Spain,2006,140,10,23.4
Spain,2007,333.3,18.3,11.8
Spain,2008,396.2,19.5,6.6
Spain,2009,134.9,15.7,19.2
Spain,2010,18.6,16.1,32
Spain,2011,30.7,-3,-10.5
Spain,2012,27.3,15.3,-0.6
Spain,2013,9.4,12.5,28.1
Spain,2014,4.4,-6.5,-1
Spain,2015,1.4,-5.2,-12
Spain,2016,-1.6,-0.9,7.8
Spain,2017,5.6,0.5,-16
Spain,2018,-11.5,3.6,18.1
Spain,2019,18.5,9.4,-2.8
Spain,2020,36.9,1.4,12.7
Spain,2021,31.1,10,10.5
Spain,2022,31.8,1.2,-2.3
Spain,2023,36,2.4,17
Spain,2024,20,-3.2,12
Spain,2025,7.9,-5.5,-0.2
Sweden,2000,,,
Sweden,2001,,4.3,0.2
Sweden,2002,,27.1,-14.6
Sweden,2003,,11.5,-17.5
Sweden,2004,,26.5,16.1
Sweden,2005,,8.1,19.1
Sweden,2006,,5.4,-12.5
Sweden,2007,,45.9,9
Sweden,2008,,39.9,5.1
Sweden,2009,,24.5,-2
Sweden,2010,0,40.2,2.9
Sweden,2011,0,75.1,2.4
Sweden,2012,100,17.3,16.9
Sweden,2013,100,37.2,-15.9
Sweden,2014,25,14.2,3.7
Sweden,2015,100,45.2,19.5
Sweden,2016,40,-5.1,-13
Sweden,2017,64.3,13.8,6.7
Sweden,2018,78.3,-5.6,-4.1
Sweden,2019,65.9,19.4,8.5
Sweden,2020,54.4,38.6,13.3
Sweden,2021,45.7,-1,3.2
Sweden,2022,29.4,22,2.1
Sweden,2023,57.1,3,-2.5
Sweden,2024,33.8,18.1,3.6
Sweden,2025,6.5,-3.8,1.8
Switzerland,2000,,,
Switzerland,2001,0,,12
Switzerland,2002,0,,-14.5
Switzerland,2003,100,,-1.1
Switzerland,2004,0,,-2.7
Switzerland,2005,0,0,-7.1
Switzerland,2006,0,0,-0.5
Switzerland,2007,50,100,13.5
Switzerland,2008,33.3,0,2.3
Switzerland,2009,25,0,-0.8
Switzerland,2010,80,100,1.2
Switzerland,2011,88.9,75,-9.2
Switzerland,2012,76.5,28.6,19.1
Switzerland,2013,66.7,0,0.3
Switzerland,2014,68,11.1,0
Switzerland,2015,33.3,10,1.1
Switzerland,2016,18.8,0,-8
Switzerland,2017,26.3,18.2,-0.1
Switzerland,2018,16.1,-7.7,3
Switzerland,2019,11.8,25,8.7
Switzerland,2020,19.3,0,0.9
Switzerland,2021,9.2,-6.7,-1.4
Switzerland,2022,35.9,7.1,-14.3
Switzerland,2023,19.7,13.3,23
Switzerland,2024,22.5,5.9,19.4
Switzerland,2025,39.4,-22.2,-16.6
Taiwan,2000,,,
Taiwan,2001,,,14.4
Taiwan,2002,,100,-31.5
Taiwan,2003,,0,9.5
Taiwan,2004,,50,5.6
Taiwan,2005,,200,18.1
Taiwan,2006,,211.1,3.5
Taiwan,2007,,57.1,8.4
Taiwan,2008,,34.1,-0.3
Taiwan,2009,,33.9,-6.2
Taiwan,2010,100,30.4,12.2
Taiwan,2011,200,44.7,4.4
Taiwan,2012,166.7,-5.4,22.9
Taiwan,2013,100,16.3,1.8
Taiwan,2014,65.6,-8.5,-10.4
Taiwan,2015,60.4,2,6.3
Taiwan,2016,30.6,-4.6,25.6
Taiwan,2017,50.5,17.8,-3.1
Taiwan,2018,61.7,-0.6,1.5
Taiwan,2019,48.9,10.5,23.8
Taiwan,2020,51,22.2,-0.3
Taiwan,2021,31.3,-1.7,17.3
Taiwan,2022,34,57.7,40.5
Taiwan,2023,20.9,74.3,13.7
Taiwan,2024,15.4,65.5,25.4
Taiwan,2025,5.2,16.3,12
Thailand,2000,,,
Thailand,2001,,,5.8
Thailand,2002,,,19.6
Thailand,2003,,,3.9
Thailand,2004,,,-8.3
Thailand,2005,,,-2.7
Thailand,2006,,,32.5
Thailand,2007,0,,4.4
Thailand,2008,0,,-12.4
Thailand,2009,0,,1.4
Thailand,2010,50,,-5.3
Thailand,2011,50,,36.8
Thailand,2012,455.6,,13.7
Thailand,2013,152,1650,-7.3
Thailand,2014,53.2,14.3,12.3
Thailand,2015,23.3,-17.5,-2.8
Thailand,2016,49.2,15.2,16.4
Thailand,2017,27.9,192.1,22.2
Thailand,2018,0,47.7,30
Thailand,2019,13.4,123.8,8.6
Thailand,2020,-2.3,-12.3,-9.5
Thailand,2021,-0.8,9.6,5.5
Thailand,2022,0.8,-15.3,7.6
Thailand,2023,2.2,25.1,4.5
Thailand,2024,5.6,-9.6,-0.5
Thailand,2025,83.8,0.9,5.4
Turkey,2000,,,
Turkey,2001,,100,-21.9
Turkey,2002,,-16.7,39.5
Turkey,2003,,20,4.7
Turkey,2004,,0,30.2
Turkey,2005,,0,-14.2
Turkey,2006,,116.7,12
Turkey,2007,,176.9,-18.1
Turkey,2008,,136.1,-5.6
Turkey,2009,,76.5,10.8
Turkey,2010,,94.7,46.1
Turkey,2011,,61.6,4.3
Turkey,2012,,24.2,12.3
Turkey,2013,,29,6.1
Turkey,2014,,12.7,-24
Turkey,2015,850,36.7,59
Turkey,2016,447.4,33.2,7.9
Turkey,2017,177.9,15.3,-3.3
Turkey,2018,169.9,10.9,11
Turkey,2019,22.7,8.9,35.8
Turkey,2020,17,13.8,-3.1
Turkey,2021,18.6,26,-8.8
Turkey,2022,14.2,11.8,15.7
Turkey,2023,21.4,-2.3,0
Turkey,2024,39.5,7.8,15.9
Turkey,2025,45.1,7.9,-1.7
United Arab Emirates,2000,,,
United Arab Emirates,2001,,,
United Arab Emirates,2002,,,
United Arab Emirates,2003,,,
United Arab Emirates,2004,,,
United Arab Emirates,2005,,,
United Arab Emirates,2006,,,
United Arab Emirates,2007,,,
United Arab Emirates,2008,,,
United Arab Emirates,2009,,,
United Arab Emirates,2010,100,,100
United Arab Emirates,2011,0,,0
United Arab Emirates,2012,0,,0
United Arab Emirates,2013,350,,350
United Arab Emirates,2014,244.4,,244.4
United Arab Emirates,2015,-3.2,,-3.2
United Arab Emirates,2016,6.7,,6.7
United Arab Emirates,2017,134.4,,134.4
United Arab Emirates,2018,60,,60
United Arab Emirates,2019,205,,205
United Arab Emirates,2020,41.5,,41.5
United Arab Emirates,2021,20.7,,20.7
United Arab Emirates,2022,23.8,,24
United Arab Emirates,2023,86,,89.3
United Arab Emirates,2024,5.6,233.3,6.5
United Kingdom,2000,,,
United Kingdom,2001,,2.1,-3.7
United Kingdom,2002,,30.2,16.6
United Kingdom,2003,,3.2,-3.9
United Kingdom,2004,,50.4,32.3
United Kingdom,2005,,49.5,19.7
United Kingdom,2006,0,45.5,6.9
United Kingdom,2007,0,24.9,8.7
United Kingdom,2008,100,35.3,11.5
United Kingdom,2009,0,30.2,15
United Kingdom,2010,100,10.9,3.7
United Kingdom,2011,500,55.1,34.5
United Kingdom,2012,462.5,24.3,17.2
United Kingdom,2013,48.9,43.1,29
United Kingdom,2014,101.5,12.5,21.2
United Kingdom,2015,85.9,26,29.2
United Kingdom,2016,38.2,-7.7,-0.4
United Kingdom,2017,10.1,33.6,19.1
United Kingdom,2018,10.6,14.6,11.4
United Kingdom,2019,-2,12.2,8.7
United Kingdom,2020,1,18.5,11.6
United Kingdom,2021,-3.3,-14.1,-8.3
United Kingdom,2022,10,23.5,10.3
United Kingdom,2023,4,2.4,0.5
United Kingdom,2024,6.6,1.4,6.1
United Kingdom,2025,30.6,3.1,5.6
United States,2000,,,
United States,2001,10.2,20.6,-20.2
United States,2002,1.9,53.6,20.1
United States,2003,-3.6,8.1,3.8
United States,2004,9.4,26.4,-1.2
United States,2005,-5.2,26,2.3
United States,2006,-7.3,49.3,8
United States,2007,19.6,29.6,-8.7
United States,2008,41,60.7,8.4
United States,2009,3.5,33.5,10.2
United States,2010,36,28.1,2.1
United States,2011,50.4,27,20.1
United States,2012,137.9,17.2,-3.4
United States,2013,108.8,19.2,5.7
United States,2014,219.9,8.2,5.1
United States,2015,35,5,1.8
United States,2016,40.6,19,12.3
United States,2017,40.8,12,13.2
United States,2018,20.8,7.2,3.7
United States,2019,14.5,8.5,3.8
United States,2020,22.3,14.2,8
United States,2021,25.8,11.9,4.9
United States,2022,24.7,14.8,11.2
United States,2023,16.5,-3,0.7
United States,2024,27.1,7.3,9.5
United States,2025,28,2.8,9.7
Uzbekistan,2000,,,
Uzbekistan,2001,,,23.5
Uzbekistan,2002,,,38.1
Uzbekistan,2003,,,35.7
Uzbekistan,2004,,,-25.3
Uzbekistan,2005,,,46.4
Uzbekistan,2006,,,-47.9
Uzbekistan,2007,,,0.4
Uzbekistan,2008,,,-3.9
Uzbekistan,2009,,,44.3
Uzbekistan,2010,,,26.4
Uzbekistan,2011,,,-30.4
Uzbekistan,2012,,,16.7
Uzbekistan,2013,,,-14.3
Uzbekistan,2014,,,6.5
Uzbekistan,2015,,,12.4
Uzbekistan,2016,,,0.6
Uzbekistan,2017,,,15.7
Uzbekistan,2018,0,,-25.6
Uzbekistan,2019,0,,9.5
Uzbekistan,2020,0,,-22.6
Uzbekistan,2021,400,,0.2
Uzbekistan,2022,780,,37.8
Uzbekistan,2023,2.3,,9.8
Uzbekistan,2024,544.4,245.5,71.1
Uzbekistan,2025,124.1,110.5,29.2
Venezuela,2000,,,
Venezuela,2001,,,-3.9
Venezuela,2002,,,-1.5
Venezuela,2003,,,1.7
Venezuela,2004,,,15.8
Venezuela,2005,,,10.2
Venezuela,2006,,,5.7
Venezuela,2007,,,1.8
Venezuela,2008,,,4.6
Venezuela,2009,,,-1
Venezuela,2010,,,-10.7
Venezuela,2011,,,9
Venezuela,2012,,,-1.9
Venezuela,2013,,80,1.9
Venezuela,2014,,0,-23
Venezuela,2015,,0,16.5
Venezuela,2016,0,0,-15.9
Venezuela,2017,0,0,-3.9
Venezuela,2018,0,-55.6,-4
Venezuela,2019,0,50,-14.6
Venezuela,2020,0,-66.7,25.8
Venezuela,2021,0,0,5.1
Venezuela,2022,0,0,-1.8
Venezuela,2023,0,0,0.7
Venezuela,2024,0,0,12.3
Vietnam,2000,,,
Vietnam,2001,,,25.2
Vietnam,2002,,,-0.1
Vietnam,2003,,,4.3
Vietnam,2004,,,-6.2
Vietnam,2005,,,-7
Vietnam,2006,,,19.2
Vietnam,2007,,,13.9
Vietnam,2008,,,15.6
Vietnam,2009,,,15.4
Vietnam,2010,,300,-4.8
Vietnam,2011,0,0,43.9
Vietnam,2012,0,0,29.7
Vietnam,2013,0,75,8.5
Vietnam,2014,0,0,7.5
Vietnam,2015,0,71.4,-9.6
Vietnam,2016,0,66.7,14.1
Vietnam,2017,0,75,34.6
Vietnam,2018,100,40,-2.8
Vietnam,2019,24000,46.9,-14.4
Vietnam,2020,123.2,36.1,18
Vietnam,2021,143,240.8,27.7
Vietnam,2022,-1.5,172.2,20.9
Vietnam,2023,-0.2,27.5,-9.4
Vietnam,2024,0.7,10,8.1
Vietnam,2025,-10.9,12.7,9.7
